{"cameraMode":{"drawMode":0,"name":"Shaded","section":"Shading Mode"},"sceneLighting":true,"audioPlay":false,"sceneViewState":{"showFog":false,"showMaterialUpdate":false,"showSkybox":false,"showFlares":false,"showImageEffects":false,"showParticleSystems":false},"in2DMode":false,"pivot":{"x":-6.22097110748291,"y":3.0894265174865724,"z":-7.423607349395752},"rotation":{"x":0.0030538637656718494,"y":0.920135498046875,"z":-0.3915347158908844,"w":0.007178890518844128},"size":0.8445696830749512,"orthographic":false}